title,publishedAt,views,likes,comments,duration_iso,duration_seconds,duration_hms,videoId,url
The Best TINY Tech on the Internet!,2026-02-13T13:51:23Z,2779978,93361,3232,PT19M48S,1188,00:19:48,XUaGCHBcqj0,https://youtube.com/watch?v=XUaGCHBcqj0
Best Sony earbuds EVER!!,2026-02-12T16:13:18Z,705796,34012,406,PT59S,59,00:00:59,b9qR8iXTB88,https://youtube.com/watch?v=b9qR8iXTB88
World's most EXTREME alarm clocks!,2026-02-10T15:23:28Z,2713858,122276,544,PT50S,50,00:00:50,ae38jtQlG_Y,https://youtube.com/watch?v=ae38jtQlG_Y
$1000 RC Car Battle,2026-02-03T14:58:33Z,3268047,70526,375,PT1M,60,00:01:00,4gFmM50zlzg,https://youtube.com/watch?v=4gFmM50zlzg
I Tested the Rarest Tech in 2026!,2026-01-30T14:45:01Z,3550045,103782,4076,PT27M56S,1676,00:27:56,UjRWQND6_ro,https://youtube.com/watch?v=UjRWQND6_ro
This camera is a time machine!,2026-01-26T14:49:28Z,9567653,394363,2234,PT1M,60,00:01:00,BPGmiDJKJ1Y,https://youtube.com/watch?v=BPGmiDJKJ1Y
World's most expensive keyboard,2026-01-19T18:13:51Z,19381417,423649,2646,PT48S,48,00:00:48,KQvB__6EHng,https://youtube.com/watch?v=KQvB__6EHng
"$2 vs $20,000 Keyboard!",2026-01-17T12:28:42Z,3546352,108850,4649,PT24M9S,1449,00:24:09,yCf2lZoRrEE,https://youtube.com/watch?v=yCf2lZoRrEE
I bought a robot dog,2026-01-09T14:41:15Z,730677,23930,313,PT29S,29,00:00:29,8QVHPu3xtCg,https://youtube.com/watch?v=8QVHPu3xtCg
I tested even CRAZIER Xiaomi Gadgets!,2026-01-09T12:13:25Z,4511993,132216,4473,PT19M2S,1142,00:19:02,iiOi4rD83kM,https://youtube.com/watch?v=iiOi4rD83kM
